path,status,heroCount,h1Count,h1,title,description,canonical
"/collections/all","200","1","1","Wholesale tea, herbs & spices","Wholesale tea, herbs & spices | Teavision","Browse Wholesale tea, herbs & spices from Teavision, Australia's bulk tea and herb supplier. Explore the range and contact our team for wholesale sourcing.","https://www.teavision.com.au/collections/all"
"/collections/aniseed-tea","200","1","1","Aniseed Tea","Aniseed Tea - Organic & Loose Leaf | Teavision Australia","Looking for Aniseed Tea? Wholesale prices on our Organic, Natural & Healthy Aniseed Tea. Visit our site today for Aniseed Tea suppliers in Australia!","https://www.teavision.com.au/collections/aniseed-tea"
"/collections/australian-certified-organic-tea","200","1","1","Australian Certified Organic Tea","Australian Certified Organic Tea | Teavision","Discover Teavision’s premium collection of Australian Certified Organic Tea — carefully sourced loose leaf tea blends crafted for tea lovers seeking purity,…","https://www.teavision.com.au/collections/australian-certified-organic-tea"
"/collections/australian-herbal-store","200","1","1","The Best Australian Herbal Store","Australian Herbal Store | Organic & Medicinal Herbs","Shop the Best Herbal Store in Australia. 100% Organic ✔ Natural Remedies ✔ Medicinal Herbs & Naturopathic Products ✔ Trusted by Thousands ✔ Explore Now!","https://www.teavision.com.au/collections/australian-herbal-store"
"/collections/australian-native-ingredients","200","1","1","Australian Native Ingredients","Australian Native Ingredients | Teavision","Australia is a proud nation, and with the global realisation that using local produce makes sense in more ways than one, we have made a point of sourcing nat…","https://www.teavision.com.au/collections/australian-native-ingredients"
"/collections/australian-tea","200","1","1","Australian Teas","Australian Teas for Sale Online - 100% Organic | Teavision","Looking for Australian Grown Tea Online in Australia? Teavision is Australia's Leading Wholesale Aussie Tea Supplier | Buy Online or Call us on 1300 729 617","https://www.teavision.com.au/collections/australian-tea"
"/collections/black-peppercorn","200","1","1","Black Peppercorn","Black Peppercorn | Teavision","Browse Black Peppercorn from Teavision, Australia's bulk tea and herb supplier. Explore the range and contact our team for wholesale sourcing.","https://www.teavision.com.au/collections/black-peppercorn"
"/collections/black-tea","200","1","1","Black Teas","Buy Black Teas - Organic & Loose Leaf Available | Teavision","Looking for Black Tea? Wholesale prices on our Organic, Natural & Healthy ingredients. Visit our site today for Black Tea Leaves in Australia!","https://www.teavision.com.au/collections/black-tea"
"/collections/black-tea-extract","200","1","1","Black Tea Extract","Black Tea Extract Powder for Sale Online Australia | Teavision","Want to buy Black Tea Extract Powder from AU's Leading Black Tea Extract Powder Supplier | Browse Our Extensive Range Online or Call us on 1300 729 617","https://www.teavision.com.au/collections/black-tea-extract"
"/collections/blooming-tea","200","1","1","Blooming Tea","Blooming Teas | Teavision Australia","One of Teavision's consistent bestsellers is our ethically sourced, rigorously quality-checked blooming tea . Our blooming tea is prepared in balls of white…","https://www.teavision.com.au/collections/blooming-tea"
"/collections/bulk-tea-bags","200","1","1","Ready-Made Bulk Tea Bags for Cafés, Hotels & Retail","Bulk Tea Bags | Teavision","Teavision’s most-loved blends in convenient biodegradable pyramid tea bags — perfect for service and resale. This page focuses on our ready-to-go café blends…","https://www.teavision.com.au/collections/bulk-tea-bags"
"/collections/burdock-root","200","1","1","Burdock Root","Buy Burdock Root Teas | 100% Certified Organic | Teavision","Looking for burdock root? Wholesale prices on our Organic, Natural & Healthy burdock root. Visit our site today for Burdock Root Tea in Australia!","https://www.teavision.com.au/collections/burdock-root"
"/collections/cafe-range","200","1","1","Wholesale Cafe Range","Wholesale Cafe Range | Teavision","Wholesale Cafe Tea Blends All our cafe blends are available in 1kg bulk zip lock packages.","https://www.teavision.com.au/collections/cafe-range"
"/collections/calendula-flowers-petals-tea","200","1","1","Calendula Tea, Petal & Flowers","Calendula Tea | Buy Calendula Petals & Flowers Australia","Looking for Calendula Tea? Wholesale prices on our Organic, Natural, Healthy Calendula Tea. Visit our site to buy tea in Australia!","https://www.teavision.com.au/collections/calendula-flowers-petals-tea"
"/collections/cardamom-pods","200","1","1","Cardamom Pods","Cardamon Pods - 100% Organic | Teavision Australia","Looking for Cardamon Pods? Wholesale prices on our Organic, Natural & Healthy Cardamon Pods & Powders. Visit our site today for Moringa Tea in Australia!","https://www.teavision.com.au/collections/cardamom-pods"
"/collections/cardamom-powder","200","1","1","Cardamom Powder","Cardamon Powder | Shop Online | Tea Vision Australia","Looking for Cardamon Powder? Wholesale prices on our Organic, Natural & Healthy Cardamon Pods & Powders. Visit our site today for Moringa Tea in Australia!","https://www.teavision.com.au/collections/cardamom-powder"
"/collections/ceylon-tea","200","1","1","Ceylon Tea","Buy Premium Quality Ceylon Tea | 100% Organic | Teavision","Looking for Ceylon Tea? Wholesale prices on our Organic, Natural & Healthy sleeping tea. Visit our site today for Ceylon Black Tea in Australia!","https://www.teavision.com.au/collections/ceylon-tea"
"/collections/chai","200","1","1","Chai Tea, Loose leaf & Instant","Chai Leaves, Powders & Teas | Teavision Australia","Looking for Chai Tea? Wholesale prices on our Organic, Natural & Healthy Chai Latte Powder. Visit our site to buy chai leaves online in Australia!","https://www.teavision.com.au/collections/chai"
"/collections/chai-7-spice","200","1","1","Chai 7 Spice","Chai 7 Spice | Teavision","Browse Chai 7 Spice from Teavision, Australia's bulk tea and herb supplier. Explore the range and contact our team for wholesale sourcing.","https://www.teavision.com.au/collections/chai-7-spice"
"/collections/chai-teas","200","1","1","Chai Teas","Organic Chai Tea Australia - Best Chai Blends | Teavision","Shop Teavision's range of organic chai teas including masala chai, sticky chai & turmeric chai. Premium Australian chai blends delivered to your door.","https://www.teavision.com.au/collections/chai-teas"
"/collections/chamomile","200","1","1","Chamomile","Chamomile Loose Leaf | Buy Organic Tea Online","Looking for Chamomile Tea? Wholesale prices on our Organic, Natural & Healthy Organic Dried Chamomile. Visit our site to buy tea in Australia!","https://www.teavision.com.au/collections/chamomile"
"/collections/chinese-tea","200","1","1","Chinese Tea","Chinese Tea | Traditional & Green Teas | Teavision AU","Looking to Buy Chines Tea? Wholesale prices on our Organic, Natural & Healthy ingredients. Visit our site today for Chinese green tea in Australia!","https://www.teavision.com.au/collections/chinese-tea"
"/collections/cinnamon-cassia","200","1","1","Cinnamon Cassia","Cassia Cinnamon - 100% Organic | Teavision Australia","Looking for Cassia Cinnamon? Wholesale prices on our Organic, Natural, Healthy Cassia Cinanamon. Visit our site to buy tea in Australia!","https://www.teavision.com.au/collections/cinnamon-cassia"
"/collections/cinnamon-chips","200","1","1","Cinnamon chips","Cinnamon Chips | Organic, Wholesale & Bulk | Teavision Australia","Looking for Cinnamon Chips? Wholesale prices on our Organic, Natural & Healthy Cinnamon Chips. Visit our site today for Cinnamon Chips!","https://www.teavision.com.au/collections/cinnamon-chips"
"/collections/clearance-discounted-products","200","1","1","Most Popular Tea Blends","Most Popular Tea Blends | Teavision","Browse Most Popular Tea Blends from Teavision, Australia's bulk tea and herb supplier. Explore the range and contact our team for wholesale sourcing.","https://www.teavision.com.au/collections/clearance-discounted-products"
"/collections/cloves","200","1","1","Cloves","Clove Teas | Teavision Australia","Looking for Clove Tea? Wholesale prices on our Organic, Natural & Healthy cloves. Visit our site today for Burdock Root Tea in Australia!","https://www.teavision.com.au/collections/cloves"
"/collections/cloves-wholesale","200","1","1","Cloves Wholesale","Wholesale Cloves for Sale Online Australia | Teavision","Looking for Wholesale Cloves for sale Online in Australia? Teavision is Australia's Leading Supplier of Tea, Herbs & Spices | Buy Online or Call 1300 729 617","https://www.teavision.com.au/collections/cloves-wholesale"
"/collections/cocoa-tea-shells","200","1","1","Cocoa Shells Tea","Cocoa Tea | Teavision","Looking for Cocoa Tea? Wholesale prices on our Organic, Natural, Healthy Cocoa Tea. Visit our site to buy tea in Australia!","https://www.teavision.com.au/collections/cocoa-tea-shells"
"/collections/complexion-tea","200","1","1","Complexion Tea","Complexion Tea | Buy Organic Tea Online Australia","Looking for Complexion Tea? Wholesale prices on our Organic, Natural complexion tea Tea. Visit our site to buy tea in Australia!","https://www.teavision.com.au/collections/complexion-tea"
"/collections/ctc-black-tea","200","1","1","CTC Black Tea","CTC Black Tea | Teavision","Browse CTC Black Tea from Teavision, Australia's bulk tea and herb supplier. Explore the range and contact our team for wholesale sourcing.","https://www.teavision.com.au/collections/ctc-black-tea"
"/collections/custom-tea-blend","200","1","1","Tea Blends","Buy Tea Blends Online | 100% Organic | Teavision","Want To Create Your Own Personally Customised Tea Blend? Teavision is AU's Leading Supplier of Custom Tea Blends, contact us today to learn more.","https://www.teavision.com.au/collections/custom-tea-blend"
"/collections/custom-tea-blends","200","1","1","Custom Tea Blending","Custom Tea Blends | Buy Quality Custom Tea Blends Online Australia","Looking for Your Own Personally Customised Tea Blend in Australia? Teavision, an Award Winning Business, is Selling Naturopath Blended Teas Now. All of Our T…","https://www.teavision.com.au/collections/custom-tea-blends"
"/collections/damiana-tea","200","1","1","Damiana Tea","Damiana Teas  | Buy Organic Tea Online Australia","Looking for Damiana Tea? Wholesale prices on our Organic, Natural, Healthy Damiana Tea. Visit our site to buy tea in Australia!","https://www.teavision.com.au/collections/damiana-tea"
"/collections/dandelion-leaf-tea","200","1","1","Dandelion Tea","Buy Dandelion Root & Leaf Teas | 100% Organic | Teavision","Looking for Dandelion Root Teas? Wholesale prices on our Organic, Natural & Healthy dandelion root tea. Visit our site today for Dandelion Leaf Tea in Austra…","https://www.teavision.com.au/collections/dandelion-leaf-tea"
"/collections/dandelion-root","200","1","1","Dandelion root roasted","Dandelion Root Tea | Organic Healthy Tea | Teavision","Looking for Dandelion Root? Wholesale prices on our Organic, Natural & Healthy dandelion root tea. Visit our site today for Dandelion Leaf Tea in Australia!","https://www.teavision.com.au/collections/dandelion-root"
"/collections/darjeeling-tea","200","1","1","Darjeeling Tea","Darjeeling Tea | Buy Organic Tea Online Australia","Looking for Darjeeling Tea? Wholesale prices on our Organic, Natural Darjeeling. Visit our site to buy tea in Australia!","https://www.teavision.com.au/collections/darjeeling-tea"
"/collections/dessert-cocktail-inspired-blends","200","1","1","Cocktail & Iced Tea Blends","Cocktail & Iced Tea Blends | Teavision","Meet our new premium range of dessert and cocktail inspired teas that are all natural and healthy. Designed to be served hot, cold or iced. Create your very…","https://www.teavision.com.au/collections/dessert-cocktail-inspired-blends"
"/collections/digestive-tea","200","1","1","Organic Digestive Tea","Digestive Teas | Buy Organic Tea Online Australia","Looking for Digestive Tea? Wholesale prices on our Organic, Natural, Healthy Digestive Teas. Visit our site to buy tea in Australia!","https://www.teavision.com.au/collections/digestive-tea"
"/collections/dried-herbs","200","1","1","Dried Herbs","Dried Herbs for Sale Online Australia | Teavision","Looking for a Wholesale Dried Herbs Supplier Online in Australia? We're AU's Leading Supplier of Teas, Herbs & Spices | Buy Online or Call 1300 729 617","https://www.teavision.com.au/collections/dried-herbs"
"/collections/echinacea","200","1","1","Echinacea","Organic Echinacea | Shop Online | Tea Vision Australia","Looking for Organic Echinacea? Wholesale prices on our Organic, Natural & Healthy Echinae. Visit our site today for Echinacea in Australia!","https://www.teavision.com.au/collections/echinacea"
"/collections/elderberries","200","1","1","Elderberries","Shop Organic Elderberries | Teavision Australia","Looking for Elderberries? Wholesale prices on our Organic, Natural & Healthy Dried Elderberries. Visit our site to buy Elderberries in Australia!","https://www.teavision.com.au/collections/elderberries"
"/collections/english-breakfast-tea","200","1","1","English Breakfast Tea","English Breakfast Teas - Buy Organic Tea Online | Teavision","Looking for Breakfast Tea? Wholesale prices on our Organic, Natural Bulk English Breakfast Tea. Visit our site to buy tea in Australia!","https://www.teavision.com.au/collections/english-breakfast-tea"
"/collections/genmaicha-tea","200","1","1","Genmaicha Tea","Genmaicha Organic Tea | Teavision Australia","Looking for Genmaicha Tea? Wholesale prices on our Organic, Natural & Healthy Japanese Genmaicha Tea. Visit our site to buy blooming tea in Australia!","https://www.teavision.com.au/collections/genmaicha-tea"
"/collections/ginger","200","1","1","Ginger","Dried Ginger, Ginger Root & Powder Online | Teavision","Looking for Ginger? Wholesale prices on our Organic, Natural & Healthy Ginger. Visit our site today for Ginger in Australia!","https://www.teavision.com.au/collections/ginger"
"/collections/ginger-tea-bags","200","1","1","Ginger Tea Bags","Ginger Tea Bags | Buy Online | Teavision Australia","Looking for Ginger Tea Bags? Wholesale prices on our Organic, Natural Bulk Ginger Tea Bags. Visit our site to buy tea in Australia!","https://www.teavision.com.au/collections/ginger-tea-bags"
"/collections/ginkgo-biloba-tea","200","1","1","Ginkgo Biloba Tea","Ginkgo Biloba Tea - 100% Organic | Teavision Australia","Browse Ginkgo Biloba Tea from Teavision, Australia's bulk tea and herb supplier. Explore the range and contact our team for wholesale sourcing.","https://www.teavision.com.au/collections/ginkgo-biloba-tea"
"/collections/ginseng-tea","200","1","1","Ginseng","Ginseng Tea | Teavision Australia","Looking for Ginseng Tea? Wholesale prices on our Organic, Natural & Healthy Ginseng Tea. Visit our site to buy Ginseng tea online in Australia!","https://www.teavision.com.au/collections/ginseng-tea"
"/collections/green-tea","200","1","1","Green Tea","Green Tea | 100% Organic Loose Leaf Teas | Teavision","Looking to buy Green Tea Leaves? Wholesale prices on Organic, Natural & Healthy Loose Leaf ingredients. Visit our site today for Australian green tea!","https://www.teavision.com.au/collections/green-tea"
"/collections/herbal-tea","200","1","1","Herbal Tea","Buy Organic Herbal Teas Online | Teavision Australia","Looking to Buy Herbal Tea? Wholesale prices on our Organic, Natural & Healthy ingredients. Visit our site today for Herb Tea online in Australia!","https://www.teavision.com.au/collections/herbal-tea"
"/collections/herbs-and-spices","200","1","1","Wholesale Herbs & Spices","Wholesale Herbs & Spices Suppliers in Bulk Australia","Want to buy Wholesale Herbs & Spices from AU's Leading Supplier of Bulk Herbs & Spices. Browse Our Extensive Range Online or Call us on 1300 729 617","https://www.teavision.com.au/collections/herbs-and-spices"
"/collections/hibiscus-tea","200","1","1","Hibiscus Tea","Hibiscus | Buy Organic Tea Online Australia","Looking for Hibiscus? Wholesale prices on our Organic, Natural Bulk Hibiscus Tea. Visit our site to buy tea in Australia!","https://www.teavision.com.au/collections/hibiscus-tea"
"/collections/japanese-green-tea","200","1","1","Japanese Tea","Japanese Green Tea | Teavision","Want to buy Japanese Tea from Australia's Leading Supplier? Browse Our Range & Buy Online or Call us on 1300 729 617","https://www.teavision.com.au/collections/japanese-green-tea"
"/collections/japanese-matcha","200","1","1","Japanese Matcha Tea","Buy Organic Japanese Matcha | Wholesale & Bulk Teas | Teavision","Looking for Japanese Matcha? Wholesale prices on our Organic, Natural & Healthy Japanese Matcha. Visit our site today for Japanese Matcha!","https://www.teavision.com.au/collections/japanese-matcha"
"/collections/japanese-sencha-tea","200","1","1","Japanese Sencha Tea","Japanese Sencha Tea | Teavision Australia","Looking for Sencha Green Tea? Wholesale prices on our Organic, Natural & Healthy Japanese Green Tea. Visit our site to buy blooming tea in Australia!","https://www.teavision.com.au/collections/japanese-sencha-tea"
"/collections/jasmine-tea","200","1","1","Jasmine Tea","Buy Jasmine Green Teas | 100% Organic | Teavision Australia","Looking for Jasmine Tea? Wholesale prices on our Organic, Natural & Healthy dandelion Jasmine Green Tea. Visit our site today for Jasmine Tea in Australia!","https://www.teavision.com.au/collections/jasmine-tea"
"/collections/keemun-tea","200","1","1","Keemun Tea","Keemun Black Tea - 100% Organic Tea Online | Teavision","Looking for Keemun Tea? Wholesale prices on our Organic, Natural Keemun Black Tea. Visit our site to buy tea in Australia!","https://www.teavision.com.au/collections/keemun-tea"
"/collections/lapsang-souchong","200","1","1","Lapsang Souchong","Lapsang Souchong | Buy Organic Tea Online","Looking for Lapsang Souchong Tea? Wholesale prices on our Organic, Natural & Healthy Lapsang Souchong Tea. Visit our site to buy tea in Australia!","https://www.teavision.com.au/collections/lapsang-souchong"
"/collections/lavender","200","1","1","Lavender","Lavender | Teavision","Browse Lavender from Teavision, Australia's bulk tea and herb supplier. Explore the range and contact our team for wholesale sourcing.","https://www.teavision.com.au/collections/lavender"
"/collections/lemon-myrtle-tea","200","1","1","Lemon Myrtle Tea","Lemon Myrtle Teas - 100% Organic | Teavision Australia","Looking for Lemon Myrtle Tea? Wholesale prices on our Organic, Natural & Healthy Tea. Visit our site today for Lemon Myrtle Tea suppliers in Australia!","https://www.teavision.com.au/collections/lemon-myrtle-tea"
"/collections/lemon-verbena-tea","200","1","1","Lemon Verbena Tea","Lemon Verbena Tea | Teavision Australia","Looking for Verbana Teas? Wholesale prices on our Organic, Natural & Healthy Lemon Verbana Root Teas. Visit our site to buy tea in Australia!","https://www.teavision.com.au/collections/lemon-verbena-tea"
"/collections/lemongrass-ginger-tea","200","1","1","Lemongrass & Ginger Tea","Lemongrass Ginger Tea | Teavision Australia","Looking for Lemongrass Ginger Teas? Wholesale prices on our Organic, Natural & Healthy Lemongrass Ginger Root Teas. Visit our site to buy tea in Australia!","https://www.teavision.com.au/collections/lemongrass-ginger-tea"
"/collections/licorice-ginger","200","1","1","Licorice & Ginger","Licorice & Ginger Teas","Browse Licorice & Ginger from Teavision, Australia's bulk tea and herb supplier. Explore the range and contact our team for wholesale sourcing.","https://www.teavision.com.au/collections/licorice-ginger"
"/collections/licorice-mint","200","1","1","Licorice & Mint","Organic Licorice & Peppermint | Teavision Australia","Looking for Licorice & Peppermint Tea? Wholesale prices on our Organic, Natural & Healthy Tea. Visit our site today for Peppermint & Licorice Tea in Australia!","https://www.teavision.com.au/collections/licorice-mint"
"/collections/licorice-root-tea","200","1","1","Licorice Root Teas","Licorice Root Tea | 100% Organic | Teavision Australia","Looking for Licorice Root Tea? Wholesale prices on our Organic, Natural & Healthy Licorice Tea. Visit our site today for Peppermint & Licorice Tea in Australia!","https://www.teavision.com.au/collections/licorice-root-tea"
"/collections/liquorice-root","200","1","1","Liquorice Root","Liquorice Root | Teavision","Browse Liquorice Root from Teavision, Australia's bulk tea and herb supplier. Explore the range and contact our team for wholesale sourcing.","https://www.teavision.com.au/collections/liquorice-root"
"/collections/longjing-tea","200","1","1","Longjing Tea","Longjing Tea | Buy Organic Tea Online","Looking for Longjing Tea? Wholesale prices on our Organic, Natural & Healthy longjing Tea. Visit our site to buy tea in Australia!","https://www.teavision.com.au/collections/longjing-tea"
"/collections/loose-leaf-tea","200","1","1","Loose Leaf Tea","Loose Leaf Teas | 100% Organic | Teavision Australia","Looking to Buy Loose Leaf Tea? Wholesale prices on Organic, Natural & Healthy ingredients. Visit our site today for bulk tea in Australia!","https://www.teavision.com.au/collections/loose-leaf-tea"
"/collections/marshmallow-root","200","1","1","Marshmallow root","Marshmallow Root | Buy Organic Tea Online","Looking for Marshmallow Root  Tea? Wholesale prices on our Organic, Natural & Healthy Marshmallow Root . Visit our site to buy tea in Australia!","https://www.teavision.com.au/collections/marshmallow-root"
"/collections/matcha-tea","200","1","1","Matcha Tea","The Best Matcha Tea in Australia | Teavision","Looking for Matcha Tea? Wholesale prices on our Organic, Natural & Healthy Japanese Matcha Tea. Visit our site to buy Japanese Green Tea in Australia!","https://www.teavision.com.au/collections/matcha-tea"
"/collections/moringa-leaves","200","1","1","Moringa Leaves & Teas","Buy Quality  Moringa Leaves | 100% Organic | Teavision","Looking for Moringa Leaves? Wholesale prices on our Organic, Natural & Healthy moringa tea. Visit our site today for Moringa Tea in Australia!","https://www.teavision.com.au/collections/moringa-leaves"
"/collections/mushroom-powder-australia","200","1","1","Mushroom Powder Australia","Mushroom Powder Australia | Wholesale Mushroom Powder Supplier","Buy Mushroom Powder in Australia at Wholesale Prices. Trusted ✔ Australian Supplier ✔ Organic, Adaptogenic & Medicinal Mushrooms ✔ Shop Now for Bulk Deals!","https://www.teavision.com.au/collections/mushroom-powder-australia"
"/collections/naturopath-certificate","200","1","1","Naturopath Certificate","Naturopath Certificate | Teavision","Browse Naturopath Certificate from Teavision, Australia's bulk tea and herb supplier. Explore the range and contact our team for wholesale sourcing.","https://www.teavision.com.au/collections/naturopath-certificate"
"/collections/nettle-leaf-tea","200","1","1","Nettle Leaf","Organic Nettle Leaf Tea | Teavision Australia","Looking for Nettle Leaf? Wholesale prices on our Organic, Natural & Healthy Nettle Leaves. Visit our site today for bulk Nettle Leaf in Australia!","https://www.teavision.com.au/collections/nettle-leaf-tea"
"/collections/olive-leaf","200","1","1","Olive Leaf Wholesale","Olive Leaf for Sale Online Australia | Teavision","Looking for Wholesale Olive Leaf Online in Australia? Teavision is Australia's Leading Supplier of Teas, Herbs & Spices | Buy Online or Call 1300 729 617","https://www.teavision.com.au/collections/olive-leaf"
"/collections/oolong-tea-wholesale","200","1","1","Oolong Tea","Oolong Loose Leaf | Buy Traditional Organic Tea Online","Looking for Oolong Tea? Wholesale prices on our Organic, Natural & Healthy Organic Oolong. Visit our site to buy tea in Australia!","https://www.teavision.com.au/collections/oolong-tea-wholesale"
"/collections/organic-black-assam-tea","200","1","1","Organic Black Assam Tea","Assam Organic Tea | Teavision Australia","Looking for Assam Tea? Wholesale prices on our Organic, Natural & Healthy Assam Tea. Visit our site to buy Assam tea in Australia!","https://www.teavision.com.au/collections/organic-black-assam-tea"
"/collections/organic-black-tea","200","1","1","Organic Black Tea","Organic Black Tea | Teavision","Browse Organic Black Tea from Teavision, Australia's bulk tea and herb supplier. Explore the range and contact our team for wholesale sourcing.","https://www.teavision.com.au/collections/organic-black-tea"
"/collections/organic-body-colon-cleanse","200","1","1","Organic Body & Colon Cleanse","Body & Colon Cleanse | Buy Organic Tea Online","Looking for Colon Tea? Wholesale prices on our Organic, Natural & Healthy Colon Cleanse Tea. Visit our site to buy tea in Australia!","https://www.teavision.com.au/collections/organic-body-colon-cleanse"
"/collections/organic-calendula-petals","200","1","1","Organic Calendula Petals","Calendula Flowers | Buy Organic in Australia","Looking for Calendula Flowers? Wholesale prices on our Organic, Natural complexion, Healthy Calendula Flowers. Visit our site to buy tea in Australia!","https://www.teavision.com.au/collections/organic-calendula-petals"
"/collections/organic-cinnamon-powder","200","1","1","Bulk Cinnamon","Bulk Cinnamon | Teavision","The aroma of cinnamon is also pleasant and can make your tea more inviting. It is considered a ""warming"" spice in traditional Ayurvedic and Chinese medicine…","https://www.teavision.com.au/collections/organic-cinnamon-powder"
"/collections/organic-cold-flu","200","1","1","Organic Cold & Flu","Cold & Flu | Buy Organic Tea Online","Looking for Cold & Flu Tea in Australia? Teavision is Australia's Leading Supplier of Cold & Flu Teas, Herbs & Spices | Buy Online or Call 1300 729 617","https://www.teavision.com.au/collections/organic-cold-flu"
"/collections/organic-earl-grey","200","1","1","Organic Earl Grey","Earl Grey Organic Teas | Teavision Australia","Looking for Earl Grey Tea? Wholesale prices on our Organic, Natural, Healthy Earl Grey Tea. Visit our site to buy tea in Australia!","https://www.teavision.com.au/collections/organic-earl-grey"
"/collections/organic-hibiscus","200","1","1","Hibiscus Flowers","Hibiscus Flowers | Buy Dried Online Australia","Browse Hibiscus Flowers from Teavision, Australia's bulk tea and herb supplier. Explore the range and contact our team for wholesale sourcing.","https://www.teavision.com.au/collections/organic-hibiscus"
"/collections/organic-honeybush","200","1","1","Organic Honeybush","Honeybush Tea | Buy Organic Tea Online Australia","Looking for Honeybush Tea? Wholesale prices on our Organic, Natural & Healthy Honeybush Tea. Visit our site to buy tea in Australia!","https://www.teavision.com.au/collections/organic-honeybush"
"/collections/organic-lemon-balm","200","1","1","Organic Lemon Balm","Organic Lemon Balm Tea | Teavision Australia","Looking for Lemon Balm Teas? Wholesale prices on our Organic, Natural & Healthy Lemon Balm Tea. Visit our site to buy tea in Australia!","https://www.teavision.com.au/collections/organic-lemon-balm"
"/collections/organic-lemongrass","200","1","1","Organic Lemongrass","Organic Lemongrass | Teavision","Browse Organic Lemongrass from Teavision, Australia's bulk tea and herb supplier. Explore the range and contact our team for wholesale sourcing.","https://www.teavision.com.au/collections/organic-lemongrass"
"/collections/organic-probiotic-tea","200","1","1","Organic Probiotic Tea","Wholesale Probiotic Tea for Sale Online Australia | Teavision","Looking to Buy Wholesale Probiotic Tea Online in Australia? Teavision is AU's Leading Supplier of Bulk Probiotic Tea | Buy Online or Call us on 1300 729 617","https://www.teavision.com.au/collections/organic-probiotic-tea"
"/collections/organic-relax-rejuvenate-tea","200","1","1","Organic Relax & Rejuvenate Tea","Organic Relax & Rejuvenate Tea | Teavision Australia","Browse Organic Relax & Rejuvenate Tea from Teavision, Australia's bulk tea and herb supplier. Explore the range and contact our team for wholesale sourcing.","https://www.teavision.com.au/collections/organic-relax-rejuvenate-tea"
"/collections/organic-rooibos-tea","200","1","1","Organic Rooibos","Rooibos Organic Loose Leaf Tea | Teavision","Looking for Rooibos Tea? Wholesale prices on our Organic, Natural & Healthy Organic Rooibos Tea. Visit our site to buy tea in Australia!","https://www.teavision.com.au/collections/organic-rooibos-tea"
"/collections/organic-sleepy-tea","200","1","1","Sleep Teas","Sleep Teas | 100% Organic | Teavision Australia","Looking for Sleep Tea? Wholesale prices on our Organic, Natural & Healthy sleeping tea. Visit our site today for Bedtime Tea in Australia!","https://www.teavision.com.au/collections/organic-sleepy-tea"
"/collections/organic-tea","200","1","1","Organic Tea","Organic Australian Teas | 100% Certified Organic | Teavision","Looking to Buy Organic Tea? We pride ourselves on our products being Organic, Natural & Healthy. Visit our site today for the best organic tea in Australia!","https://www.teavision.com.au/collections/organic-tea"
"/collections/organic-turmeric-powder","200","1","1","Organic Turmeric Powder","Organic Turmeric Powder | Teavision Australia","Looking for Turmeric Powder? Wholesale prices on our Organic, Natural Turmeric Tea. Visit our site to buy tea in Australia!","https://www.teavision.com.au/collections/organic-turmeric-powder"
"/collections/organic-vanilla-beans","200","1","1","Vanilla Beans","Organic Vanilla Beans for Sale Online Australia | Teavision","Looking for Vanilla Beans Online in Australia? Teavision is Australia's Leading Organic Vanilla Bean Supplier | Browse & Buy Online or Call us on 1300 729 617","https://www.teavision.com.au/collections/organic-vanilla-beans"
"/collections/organic-wholesale-peppermint-tea","200","1","1","Organic Peppermint Tea","Peppermint","Peppermint leaves that date back from 1000 BC and have been found in the pyramids of Egypt, which indicates that this powerful plant has been consumed around…","https://www.teavision.com.au/collections/organic-wholesale-peppermint-tea"
"/collections/passionflower","200","1","1","Passionflower","Passionflower | Shop Online | Tea Vision Australia","Looking for Passionflower? Wholesale prices on our Organic, Natural & Healthy Passionflower. Visit our site today for Passionflower in Australia!","https://www.teavision.com.au/collections/passionflower"
"/collections/pekoe-tea","200","1","1","Pekoe Tea","Orange Pekoe Teas - 100% Organic | Teavision Australia","Looking for pekoe Tea? Wholesale prices on our Organic, Natural & Healthy Tea. Visit our site today for Orange Pekoe loose-leaf tea suppliers in Australia!","https://www.teavision.com.au/collections/pekoe-tea"
"/collections/peppermint-tea","200","1","1","Peppermint Tea","Loose Leaf Peppermint Tea | 100% Organic | Teavision AU","Looking for Organic Peppermint Tea? Wholesale prices on our Organic, Natural & Healthy Loose Leaf Peppermint Tea. Visit our site today for tea in Australia!","https://www.teavision.com.au/collections/peppermint-tea"
"/collections/premium-tea-australia","200","1","1","Premium Tea Australia","Premium Tea Australia | Teavision","Australia is an increasingly sophisticated country, and this is partly due to it being increasingly multicultural. The steady influx of other cultures, other…","https://www.teavision.com.au/collections/premium-tea-australia"
"/collections/private-label-packaging","200","1","1","Private Label Packing","Tea Packaging | Empty Tea Bags & Tea Packaging Supplies AU","Looking for Tea Packaging Supplies? Teavision is AU's Leading Supplier of Tea Packaging Supplies. Browse Our Range Online or Call us on 1300 729 617","https://www.teavision.com.au/collections/private-label-packaging"
"/collections/product-sample-packs","200","1","1","Product Sample Packs","Product Sample Packs | Teavision","We understand the importance of finding the right ingredient an ensuring the consistency of the product (Appearance, Taste, Size, Smell, Freshness). Our team…","https://www.teavision.com.au/collections/product-sample-packs"
"/collections/pu-erh-tea","200","1","1","Pu-erh tea","Pu-Erh Tea | Organic Pu'Erh Tea Australia","Looking for Pu Erh Tea? Wholesale prices on our Organic, Natural Bulk White Pu Erh Tea. Visit our site to buy tea in Australia!","https://www.teavision.com.au/collections/pu-erh-tea"
"/collections/raspberry-leaf","200","1","1","Raspberry Leaf","Organic Raspberry Leaf | Shop Online | Tea Vision Australia","Looking for Raspberry Leaf? Wholesale prices on our Organic, Natural & Healthy Raspberry Leaf. Visit our site today for Raspberry Leaf in Australia!","https://www.teavision.com.au/collections/raspberry-leaf"
"/collections/relaxing-tea-australia","200","1","1","Relaxing Tea Australia","Relaxing Tea Australia | Teavision","Have you ever found yourself lying awake at night, your mind racing, or feeling so hopeless and overwhelmed with stress? You're not alone, and the good news…","https://www.teavision.com.au/collections/relaxing-tea-australia"
"/collections/rose-bud-tea","200","1","1","Rose Tea","Rose Bud Teas  | 100% Organic - Teavision","Looking for Rose Bud Tea? Wholesale prices on our Organic, Natural & Healthy Rose Tea. Visit our site today for Rose Tea suppliers in Australia!","https://www.teavision.com.au/collections/rose-bud-tea"
"/collections/rose-buds","200","1","1","Rose Buds","Wholesale Rose Buds | Teavision Australia","Looking for Wholesale Rose Buds? Wholesale prices on our Organic, Natural & Healthy Wholesale Rose Buds. Visit our site today for suppliers in Australia!","https://www.teavision.com.au/collections/rose-buds"
"/collections/rose-petals-pink","200","1","1","Rose Petals Pink","Rose Petals Pink | Teavision","Browse Rose Petals Pink from Teavision, Australia's bulk tea and herb supplier. Explore the range and contact our team for wholesale sourcing.","https://www.teavision.com.au/collections/rose-petals-pink"
"/collections/sale","200","1","1","Products On Sale - Up to 70% Off","Products On Sale - Up to 70% Off | Teavision","Browse Products On Sale - Up to 70% Off from Teavision, Australia's bulk tea and herb supplier. Explore the range and contact our team for wholesale sourcing.","https://www.teavision.com.au/collections/sale"
"/collections/sample-boxes","200","1","1","Create Your Own Sample Box","Create Your Own Sample Box | Teavision","Each sample will weigh 50g and be individually packaged to ensure maximum freshness.","https://www.teavision.com.au/collections/sample-boxes"
"/collections/schisandra-berry","200","1","1","Schisandra Berry","Schisandra Berries | Teavision Australia","Browse Schisandra Berry from Teavision, Australia's bulk tea and herb supplier. Explore the range and contact our team for wholesale sourcing.","https://www.teavision.com.au/collections/schisandra-berry"
"/collections/siberian-ginseng","200","1","1","Siberian Ginseng","Buy Siberian Ginseng | Teavision Australia","Looking for Siberian Ginseng? Wholesale prices on our Organic, Natural & Healthy Siberian Ginseng. Visit our site to buy Ginseng in Australia!","https://www.teavision.com.au/collections/siberian-ginseng"
"/collections/silver-needle","200","1","1","Silver Needle","Silver Needle Loose Leaf | Teavision Australia","Looking for Silver Needle? Wholesale prices on our Organic, Natural & Healthy Silver Needle Tea. Visit our site to buy tea in Australia!","https://www.teavision.com.au/collections/silver-needle"
"/collections/skullcap","200","1","1","Skullcap","Skullap | Buy Organic Herbs in Australia","Looking for Scullcap? Wholesale prices on our Organic, Natural & Healthy Scullcap. Visit our site to buy herbs in Australia!","https://www.teavision.com.au/collections/skullcap"
"/collections/spearmint-tea","200","1","1","Spearmint","Buy Spearmint Tea Australia | Bulk Organic Spearmint Teas","Looking for Spearmint Tea? Wholesale prices on our Organic, Natural & Healthy Bulk Spearmint Tea. Visit our site today to buy Spearmint Tea in Australia!","https://www.teavision.com.au/collections/spearmint-tea"
"/collections/speciality-tea","200","1","1","Speciality Tea","Speciality Tea for Sale Online Australia","Looking for Speciality Tea Online in Australia? Teavision is Australia's Leading Supplier of Specialty Teas, get in touch today!","https://www.teavision.com.au/collections/speciality-tea"
"/collections/star-anise","200","1","1","Star Anise","Star Anise Online | Teavision","Looking for Star Anise? Wholesale prices on our Organic, Natural & Healthy Star Anise. Visit our site today for Star Anisein Australia!","https://www.teavision.com.au/collections/star-anise"
"/collections/sticky-chai","200","1","1","Sticky Chai","Sticky Chai | Teavision","Browse Sticky Chai from Teavision, Australia's bulk tea and herb supplier. Explore the range and contact our team for wholesale sourcing.","https://www.teavision.com.au/collections/sticky-chai"
"/collections/superfood-extract-powders-proteins-supplements","200","1","1","Superfood Extract Powders, Proteins, Supplements","Superfood Extract Powders, Proteins, Supplements | Teavision","Wholesale Organic and Wild Harvested Premium Extract Powders","https://www.teavision.com.au/collections/superfood-extract-powders-proteins-supplements"
"/collections/tea-accessories-wholesale","200","1","1","Tea Accessories","Wholesale Tea Accessories for Sale Online AU | Teavision","Looking to Buy Wholesale Tea Accessories in Australia? Teavision is AU's Leading Supplier of Bulk Tea Accessories | Buy Online or Call us on 1300 729 617","https://www.teavision.com.au/collections/tea-accessories-wholesale"
"/collections/tea-bag-manufacturer","200","1","1","Tea Bag Manufacture","Tea Bag Manufacturer | High Quality Custom Tea Bags to Order","Looking for Custom Tea Bags Online in Australia? Teavision, an Award Winning Business, is Selling Naturopath Blended Teas Now. All of Our Tea Blends Are Made…","https://www.teavision.com.au/collections/tea-bag-manufacturer"
"/collections/tea-for-scoby","200","1","1","Tea for Scoby","Wholesale Tea for Scoby for Sale Online AU | Teavision","Looking to Buy Wholesale Tea for Scoby Online in Australia? Teavision is Australia's Leading Supplier of Tea for Scoby | Buy Online or Call us on 1300 729 617","https://www.teavision.com.au/collections/tea-for-scoby"
"/collections/tea-masters-selection-worlds-best-teas","200","1","1","Tea Masters Selection - (World's Best Teas)","Tea Masters Selection - (World's Best Teas) | Teavision","Discover Teavision’s Tea Masters Selection — a premium collection of some of the world’s best loose leaf teas sourced from renowned tea-growing regions acros…","https://www.teavision.com.au/collections/tea-masters-selection-worlds-best-teas"
"/collections/tea-samples","200","1","1","Tea Samples","Tea Samples | Teavision","Browse Tea Samples from Teavision, Australia's bulk tea and herb supplier. Explore the range and contact our team for wholesale sourcing.","https://www.teavision.com.au/collections/tea-samples"
"/collections/tea-wholesale-adelaide","200","1","1","Tea Wholesale Adelaide","Wholesale Loose Tea for Sale Online Adelaide | Teavision","Want to Buy Wholesale Tea in Adelaide from AU's Leading Wholesale Tea Supplier Online? Browse Our Extensive Range Online or Call us on 1300 729 617","https://www.teavision.com.au/collections/tea-wholesale-adelaide"
"/collections/tea-wholesale-melbourne","200","1","1","Tea Wholesale Melbourne","Wholesale Loose Tea for Sale Online Melbourne | Teavision","Want to Buy Wholesale Tea in Melbourne from AU's Leading Wholesale Tea Supplier Online? Browse Our Extensive Range Online or Call us on 1300 729 617","https://www.teavision.com.au/collections/tea-wholesale-melbourne"
"/collections/tea-wholesale-perth","200","1","1","Tea Wholesale Perth","Wholesale Loose Tea for Sale Online Perth | Teavision","Want to Buy Wholesale Tea in Perth from AU's Leading Wholesale Tea Supplier Online? Browse Our Extensive Range Online or Call us on 1300 729 617","https://www.teavision.com.au/collections/tea-wholesale-perth"
"/collections/tea-wholesale-sydney","200","1","1","Tea Wholesale Sydney","Wholesale Loose Tea for Sale Online Sydney | Teavision","Want to Buy Wholesale Tea in Sydney from AU's Leading Wholesale Tea Supplier Online? Browse Our Extensive Range Online or Call us on 1300 729 617","https://www.teavision.com.au/collections/tea-wholesale-sydney"
"/collections/test-green-tea","200","1","1","Test (green tea)","Test (green tea) | Teavision","Browse Test (green tea) from Teavision, Australia's bulk tea and herb supplier. Explore the range and contact our team for wholesale sourcing.","https://www.teavision.com.au/collections/test-green-tea"
"/collections/thyme","200","1","1","Thyme","Thyme | Teavision","Browse Thyme from Teavision, Australia's bulk tea and herb supplier. Explore the range and contact our team for wholesale sourcing.","https://www.teavision.com.au/collections/thyme"
"/collections/tulsi-tea","200","1","1","Tulsi Tea","Indian Tulsi Tea | Buy Organic Tea Online Australia","Looking for Tulsi Tea? Wholesale prices on our Organic, Natural & Healthy Tulsi Tea. Visit our site to buy tea in Australia!","https://www.teavision.com.au/collections/tulsi-tea"
"/collections/turmeric-chai","200","1","1","Turmeric Chai","Turmeric Chai | Teavision","Browse Turmeric Chai from Teavision, Australia's bulk tea and herb supplier. Explore the range and contact our team for wholesale sourcing.","https://www.teavision.com.au/collections/turmeric-chai"
"/collections/turmeric-cut","200","1","1","Turmeric Cut","Turmeric Cut | Teavision","Browse Turmeric Cut from Teavision, Australia's bulk tea and herb supplier. Explore the range and contact our team for wholesale sourcing.","https://www.teavision.com.au/collections/turmeric-cut"
"/collections/turmeric-tea","200","1","1","Turmeric Tea","Loose Leaf Turmeric Tea for Sale Online Australia | Teavision","Looking for Turmeric Tea Online in Australia? Teavision is AU's Leading Turmeric Tea Supplier. Browse Our Extensive Range Online or Call us on 1300 729 617","https://www.teavision.com.au/collections/turmeric-tea"
"/collections/vervain","200","1","1","Vervain","Wholesale Vervain | Shop Online | Tea Vision Australia","Looking for Vervain? Wholesale prices on our Organic, Natural & Healthy Vervain. Visit our site today for Vervain in Australia!","https://www.teavision.com.au/collections/vervain"
"/collections/wellness-functional-tea","200","1","1","Wellness & Functional Tea","Functional Tea Blends | Buy Herbal Tea Blends Australia","Looking for Bulk Herbal Tea Blends in Australia? Teavision is Australia's Leading Bulk Supplier of Wellness and Functional Tea. Browse Our Extensive Range &…","https://www.teavision.com.au/collections/wellness-functional-tea"
"/collections/wellness-tea-50-samples","200","1","1","Wellness Tea 50 Samples","Wellness Tea 50 Samples | Teavision","Browse Wellness Tea 50 Samples from Teavision, Australia's bulk tea and herb supplier. Explore the range and contact our team for wholesale sourcing.","https://www.teavision.com.au/collections/wellness-tea-50-samples"
"/collections/white-peony","200","1","1","White Peony Tea","White Peony | Buy Organic Tea Online Australia","Looking for White Peony? Wholesale prices on our Organic, Natural Bulk White Peony Tea. Visit our site to buy tea in Australia!","https://www.teavision.com.au/collections/white-peony"
"/collections/white-tea","200","1","1","White Tea","White Tea | Teavision Australia","Looking for White Tea? Wholesale prices on our Organic, Natural & Healthy White Tea. Visit our site to buy tea in Australia!","https://www.teavision.com.au/collections/white-tea"
"/collections/wholesale-bulk-ice-tea-blends","200","1","1","Iced Tea Blends","Wholesale Bulk Iced Tea Blends for Sale Online AU | Teavision","Looking for Iced Tea Blends Online in Australia? Teavision is Australia's Leading Wholesale Bulk Iced Tea Supplier | Buy Online or Call us on 1300 729 617","https://www.teavision.com.au/collections/wholesale-bulk-ice-tea-blends"
"/collections/wholesale-bulk-tea","200","1","1","Wholesale Tea","Bulk Tea | Buy High Quality Bulk Loose Tea Online Australia","Want to buy Bulk Loose Tea in Australia from Leading Bulk Tea Supplier?  Browse Our Extensive Range & Buy Online or Call us on 1300 729 617","https://www.teavision.com.au/collections/wholesale-bulk-tea"
"/collections/wholesale-chamomile","200","1","1","Wholesale Chamomile","Wholesale Chamomile | Teavision","It's got a very particular image, chamomile tea . The old cliché about bone china and your little finger in the air as you sip it. But that is an old-fashion…","https://www.teavision.com.au/collections/wholesale-chamomile"
"/collections/wholesale-cinnamon","200","1","1","Cinnamon Powders","Ground Cinnamon at Wholesale Prices | Bulk Tea in Australia","Looking for Groind Cinnamon? Wholesale prices on our Organic, Natural & Healthy Cinnamon Powder. Visit our site to buy tea in Australia!","https://www.teavision.com.au/collections/wholesale-cinnamon"
"/collections/wholesale-detox-tea","200","1","1","Detox Tea","Detox Loose Leaf Teas | 100% Organic | Teavision","Want to buy Wholesale Peppermint Online from AU's Leading Wholesale Detox Tea Supplier | Browse Our Extensive Range Online or Call us on 1300 729 617","https://www.teavision.com.au/collections/wholesale-detox-tea"
"/collections/wholesale-kombucha-tea-supplier","200","1","1","Kombucha Tea","Kombucha Teas | Teavision Australia","Looking for Kombucha Tea Online in Australia? Teavision is Australia's Leading Wholesale Kombucha Supplier | Buy Online or Call us on 1300 729 617","https://www.teavision.com.au/collections/wholesale-kombucha-tea-supplier"
"/collections/wholesale-white-tea","200","1","1","Wholesale White Tea","Wholesale White Tea | Teavision","Browse Wholesale White Tea from Teavision, Australia's bulk tea and herb supplier. Explore the range and contact our team for wholesale sourcing.","https://www.teavision.com.au/collections/wholesale-white-tea"
"/collections/yerba-mate-tea","200","1","1","Yerba Mate","Yerba Mate Tea - 100% Organic | Teavision Australia","Looking for Yerba Mate Tea? Wholesale prices on our Organic, Natural & Healthy Organic Yerba Mate Tea. Visit our site to buy tea in Australia!","https://www.teavision.com.au/collections/yerba-mate-tea"
